{
  "timestamp": "2026-01-22T20:23:51.399845",
  "configuration": {
    "workers": 5,
    "duration": 300,
    "claims_per_worker": 10
  },
  "results": {
    "total_requests": 50,
    "successful": 0,
    "failed": 50,
    "success_rate": 0.0,
    "latency": {
      "min": 0.28071080000154325,
      "max": 1.1822189000013168,
      "mean": 0.394453684000182,
      "p50": 0.32576869999684277,
      "p95": 0.9018065000018396,
      "p99": 1.1822189000013168
    },
    "errors": {
      "timeout": 0,
      "payment": 50,
      "validation": 0,
      "other": 0
    }
  }
}